"PACKAGE","VERSION","LICENSE","LICENSE FILES","SOURCE ARCHIVE","SOURCE SITE","DEPENDENCIES WITH LICENSES"
"buildroot","v1.2-11-g22d02c6-dirty","GPL-2.0+","COPYING","not saved","not saved",""
"tar","1.35","GPL-3.0+","COPYING","tar-1.35.cpio.gz","https://ftpmirror.gnu.org/tar","host-skeleton [unknown]"
"bison","3.8.2","GPL-3.0+","COPYING","bison-3.8.2.tar.xz","https://ftpmirror.gnu.org/bison","host-m4 [GPL-3.0+] host-skeleton [unknown] host-tar [GPL-3.0+]"
"m4","1.4.19","GPL-3.0+","COPYING","m4-1.4.19.tar.xz","https://ftpmirror.gnu.org/m4","host-skeleton [unknown] host-tar [GPL-3.0+]"
"flex","2.6.4","FLEX","COPYING","flex-2.6.4.tar.gz","https://github.com/westes/flex/files/981163","host-autoconf [GPL-3.0+ with exceptions] host-automake [GPL-2.0+] host-gettext-tiny [MIT, GPL-3.0+ (extra gettext)] host-libtool [GPL-2.0+ (libtool), LGPL-2.1+ (libltdl)] host-m4 [GPL-3.0+] host-skeleton [unknown] host-tar [GPL-3.0+]"
"autoconf","2.72","GPL-3.0+ with exceptions","COPYINGv3 COPYING.EXCEPTION","autoconf-2.72.tar.xz","https://ftpmirror.gnu.org/autoconf","host-libtool [GPL-2.0+ (libtool), LGPL-2.1+ (libltdl)] host-m4 [GPL-3.0+] host-skeleton [unknown] host-tar [GPL-3.0+]"
"libtool","2.4.6","GPL-2.0+ (libtool), LGPL-2.1+ (libltdl)","COPYING libltdl/COPYING.LIB","libtool-2.4.6.tar.xz","https://ftpmirror.gnu.org/libtool","host-m4 [GPL-3.0+] host-skeleton [unknown] host-tar [GPL-3.0+]"
"automake","1.16.5","GPL-2.0+","COPYING","automake-1.16.5.tar.xz","https://ftpmirror.gnu.org/automake","host-autoconf [GPL-3.0+ with exceptions] host-libtool [GPL-2.0+ (libtool), LGPL-2.1+ (libltdl)] host-m4 [GPL-3.0+] host-skeleton [unknown] host-tar [GPL-3.0+]"
"gettext-tiny","0.3.2","MIT, GPL-3.0+ (extra gettext)","LICENSE extra/COPYING","gettext-tiny-0.3.2.tar.gz","https://github.com/sabotage-linux/gettext-tiny/archive/v0.3.2","host-skeleton [unknown] host-tar [GPL-3.0+]"
"kmod","33","LGPL-2.1+ (library)","libkmod/COPYING","kmod-33.tar.xz","https://cdn.kernel.org/pub/linux/utils/kernel/kmod","host-pkgconf [pkgconf license] host-skeleton [unknown] host-tar [GPL-3.0+]"
"pkgconf","2.3.0","pkgconf license","COPYING","pkgconf-2.3.0.tar.xz","https://distfiles.ariadne.space/pkgconf","host-skeleton [unknown] host-tar [GPL-3.0+]"
"libopenssl","3.4.1","Apache-2.0","LICENSE.txt","openssl-3.4.1.tar.gz","https://github.com/openssl/openssl/releases/download/openssl-3.4.1","host-libzlib [Zlib] host-skeleton [unknown] host-tar [GPL-3.0+]"
"libzlib","1.3.1","Zlib","LICENSE","zlib-1.3.1.tar.xz","https://www.zlib.net","host-skeleton [unknown] host-tar [GPL-3.0+]"
"ncurses","6.4-20230603","MIT with advertising clause","COPYING","ncurses-6.4-20230603.tar.gz","https://github.com/ThomasDickey/ncurses-snapshots/archive/v6_4_20230603","host-skeleton [unknown] host-tar [GPL-3.0+]"
"cmake","3.31.5","BSD-3-Clause","Copyright.txt","cmake-3.31.5.tar.gz","https://cmake.org/files/v3.31","host-skeleton [unknown] host-tar [GPL-3.0+]"
"meson","1.7.0","Apache-2.0","COPYING","meson-1.7.0.tar.gz","https://github.com/mesonbuild/meson/releases/download/1.7.0","host-autoconf [GPL-3.0+ with exceptions] host-autoconf-archive [GPL-3.0+ with exception] host-automake [GPL-2.0+] host-cmake [BSD-3-Clause] host-expat [MIT] host-libffi [MIT] host-libtool [GPL-2.0+ (libtool), LGPL-2.1+ (libltdl)] host-libzlib [Zlib] host-m4 [GPL-3.0+] host-ninja [Apache-2.0] host-pkgconf [pkgconf license] host-python-flit-core [BSD-3-Clause] host-python-installer [MIT] host-python-packaging [Apache-2.0 or BSD-2-Clause] host-python-pypa-build [MIT] host-python-pyproject-hooks [MIT] host-python-setuptools [MIT] host-python-wheel [MIT] host-python3 [Python-2.0, others] host-skeleton [unknown] host-tar [GPL-3.0+]"
"ninja","1.11.1.g95dee.kitware.jobserver-1","Apache-2.0","COPYING","ninja-1.11.1.g95dee.kitware.jobserver-1.tar.gz","https://github.com/Kitware/ninja/archive/v1.11.1.g95dee.kitware.jobserver-1","host-cmake [BSD-3-Clause] host-pkgconf [pkgconf license] host-skeleton [unknown] host-tar [GPL-3.0+]"
"python-installer","0.7.0","MIT","LICENSE","installer-0.7.0.tar.gz","https://files.pythonhosted.org/packages/05/18/ceeb4e3ab3aa54495775775b38ae42b10a92f42ce42dfa44da684289b8c8","host-autoconf [GPL-3.0+ with exceptions] host-autoconf-archive [GPL-3.0+ with exception] host-automake [GPL-2.0+] host-expat [MIT] host-libffi [MIT] host-libtool [GPL-2.0+ (libtool), LGPL-2.1+ (libltdl)] host-libzlib [Zlib] host-m4 [GPL-3.0+] host-pkgconf [pkgconf license] host-python-flit-core [BSD-3-Clause] host-python3 [Python-2.0, others] host-skeleton [unknown] host-tar [GPL-3.0+]"
"python-flit-core","3.10.1","BSD-3-Clause","LICENSE","flit_core-3.10.1.tar.gz","https://files.pythonhosted.org/packages/d5/ae/09427bea9227a33ec834ed5461432752fd5d02b14f93dd68406c91684622","host-autoconf [GPL-3.0+ with exceptions] host-autoconf-archive [GPL-3.0+ with exception] host-automake [GPL-2.0+] host-expat [MIT] host-libffi [MIT] host-libtool [GPL-2.0+ (libtool), LGPL-2.1+ (libltdl)] host-libzlib [Zlib] host-m4 [GPL-3.0+] host-pkgconf [pkgconf license] host-python3 [Python-2.0, others] host-skeleton [unknown] host-tar [GPL-3.0+]"
"python3","3.13.3","Python-2.0, others","LICENSE","Python-3.13.3.tar.xz","https://python.org/ftp/python/3.13.3","host-autoconf [GPL-3.0+ with exceptions] host-autoconf-archive [GPL-3.0+ with exception] host-automake [GPL-2.0+] host-expat [MIT] host-libffi [MIT] host-libtool [GPL-2.0+ (libtool), LGPL-2.1+ (libltdl)] host-libzlib [Zlib] host-m4 [GPL-3.0+] host-pkgconf [pkgconf license] host-skeleton [unknown] host-tar [GPL-3.0+]"
"autoconf-archive","2023.02.20","GPL-3.0+ with exception","COPYING COPYING.EXCEPTION","autoconf-archive-2023.02.20.tar.xz","https://ftpmirror.gnu.org/autoconf-archive","host-skeleton [unknown] host-tar [GPL-3.0+]"
"expat","2.7.0","MIT","COPYING","expat-2.7.0.tar.xz","https://github.com/libexpat/libexpat/releases/download/R_2_7_0","host-skeleton [unknown] host-tar [GPL-3.0+]"
"libffi","3.4.6","MIT","LICENSE","libffi-3.4.6.tar.gz","https://github.com/libffi/libffi/releases/download/v3.4.6","host-autoconf [GPL-3.0+ with exceptions] host-automake [GPL-2.0+] host-libtool [GPL-2.0+ (libtool), LGPL-2.1+ (libltdl)] host-m4 [GPL-3.0+] host-skeleton [unknown] host-tar [GPL-3.0+]"
"python-pypa-build","1.2.2","MIT","LICENSE","build-1.2.2.tar.gz","https://files.pythonhosted.org/packages/dd/bb/4a1b7e3a7520e310cf7bfece43788071604e1ccf693a7f0c4638c59068d6","host-autoconf [GPL-3.0+ with exceptions] host-autoconf-archive [GPL-3.0+ with exception] host-automake [GPL-2.0+] host-expat [MIT] host-libffi [MIT] host-libtool [GPL-2.0+ (libtool), LGPL-2.1+ (libltdl)] host-libzlib [Zlib] host-m4 [GPL-3.0+] host-pkgconf [pkgconf license] host-python-flit-core [BSD-3-Clause] host-python-installer [MIT] host-python-packaging [Apache-2.0 or BSD-2-Clause] host-python-pyproject-hooks [MIT] host-python3 [Python-2.0, others] host-skeleton [unknown] host-tar [GPL-3.0+]"
"python-packaging","24.2","Apache-2.0 or BSD-2-Clause","LICENSE LICENSE.APACHE LICENSE.BSD","packaging-24.2.tar.gz","https://files.pythonhosted.org/packages/d0/63/68dbb6eb2de9cb10ee4c9c14a0148804425e13c4fb20d61cce69f53106da","host-autoconf [GPL-3.0+ with exceptions] host-autoconf-archive [GPL-3.0+ with exception] host-automake [GPL-2.0+] host-expat [MIT] host-libffi [MIT] host-libtool [GPL-2.0+ (libtool), LGPL-2.1+ (libltdl)] host-libzlib [Zlib] host-m4 [GPL-3.0+] host-pkgconf [pkgconf license] host-python-flit-core [BSD-3-Clause] host-python-installer [MIT] host-python3 [Python-2.0, others] host-skeleton [unknown] host-tar [GPL-3.0+]"
"python-pyproject-hooks","1.2.0","MIT","LICENSE","pyproject_hooks-1.2.0.tar.gz","https://files.pythonhosted.org/packages/e7/82/28175b2414effca1cdac8dc99f76d660e7a4fb0ceefa4b4ab8f5f6742925","host-autoconf [GPL-3.0+ with exceptions] host-autoconf-archive [GPL-3.0+ with exception] host-automake [GPL-2.0+] host-expat [MIT] host-libffi [MIT] host-libtool [GPL-2.0+ (libtool), LGPL-2.1+ (libltdl)] host-libzlib [Zlib] host-m4 [GPL-3.0+] host-pkgconf [pkgconf license] host-python-flit-core [BSD-3-Clause] host-python-installer [MIT] host-python3 [Python-2.0, others] host-skeleton [unknown] host-tar [GPL-3.0+]"
"python-setuptools","75.8.0","MIT","LICENSE","setuptools-75.8.0.tar.gz","https://files.pythonhosted.org/packages/92/ec/089608b791d210aec4e7f97488e67ab0d33add3efccb83a056cbafe3a2a6","host-autoconf [GPL-3.0+ with exceptions] host-autoconf-archive [GPL-3.0+ with exception] host-automake [GPL-2.0+] host-expat [MIT] host-libffi [MIT] host-libtool [GPL-2.0+ (libtool), LGPL-2.1+ (libltdl)] host-libzlib [Zlib] host-m4 [GPL-3.0+] host-pkgconf [pkgconf license] host-python-flit-core [BSD-3-Clause] host-python-installer [MIT] host-python-packaging [Apache-2.0 or BSD-2-Clause] host-python-pypa-build [MIT] host-python-pyproject-hooks [MIT] host-python-wheel [MIT] host-python3 [Python-2.0, others] host-skeleton [unknown] host-tar [GPL-3.0+]"
"python-wheel","0.45.1","MIT","LICENSE.txt","wheel-0.45.1.tar.gz","https://files.pythonhosted.org/packages/8a/98/2d9906746cdc6a6ef809ae6338005b3f21bb568bea3165cfc6a243fdc25c","host-autoconf [GPL-3.0+ with exceptions] host-autoconf-archive [GPL-3.0+ with exception] host-automake [GPL-2.0+] host-expat [MIT] host-libffi [MIT] host-libtool [GPL-2.0+ (libtool), LGPL-2.1+ (libltdl)] host-libzlib [Zlib] host-m4 [GPL-3.0+] host-pkgconf [pkgconf license] host-python-flit-core [BSD-3-Clause] host-python-installer [MIT] host-python-packaging [Apache-2.0 or BSD-2-Clause] host-python-pypa-build [MIT] host-python-pyproject-hooks [MIT] host-python3 [Python-2.0, others] host-skeleton [unknown] host-tar [GPL-3.0+]"
"libglib2","2.82.5","LGPL-2.1+","COPYING","glib-2.82.5.tar.xz","https://download.gnome.org/sources/glib/2.82","host-autoconf [GPL-3.0+ with exceptions] host-autoconf-archive [GPL-3.0+ with exception] host-automake [GPL-2.0+] host-cmake [BSD-3-Clause] host-expat [MIT] host-gettext-tiny [MIT, GPL-3.0+ (extra gettext)] host-libffi [MIT] host-libtool [GPL-2.0+ (libtool), LGPL-2.1+ (libltdl)] host-libzlib [Zlib] host-m4 [GPL-3.0+] host-meson [Apache-2.0] host-ninja [Apache-2.0] host-pcre2 [BSD-3-Clause] host-pkgconf [pkgconf license] host-python-flit-core [BSD-3-Clause] host-python-installer [MIT] host-python-packaging [Apache-2.0 or BSD-2-Clause] host-python-pypa-build [MIT] host-python-pyproject-hooks [MIT] host-python-setuptools [MIT] host-python-wheel [MIT] host-python3 [Python-2.0, others] host-skeleton [unknown] host-tar [GPL-3.0+] host-util-linux [GPL-2.0+, BSD-4-Clause, LGPL-2.1+ (libblkid, libfdisk, libmount), BSD-3-Clause (libuuid), BSD-2-Clause (xxhash), ISC (rfkill) MIT (hardlink, flock)]"
"pcre2","10.44","BSD-3-Clause","LICENCE","pcre2-10.44.tar.bz2","https://github.com/PCRE2Project/pcre2/releases/download/pcre2-10.44","host-autoconf [GPL-3.0+ with exceptions] host-automake [GPL-2.0+] host-libtool [GPL-2.0+ (libtool), LGPL-2.1+ (libltdl)] host-m4 [GPL-3.0+] host-skeleton [unknown] host-tar [GPL-3.0+]"
"util-linux","2.40.2","GPL-2.0+, BSD-4-Clause, LGPL-2.1+ (libblkid, libfdisk, libmount), BSD-3-Clause (libuuid), BSD-2-Clause (xxhash), ISC (rfkill) MIT (hardlink, flock)","README.licensing Documentation/licenses/COPYING.BSD-3-Clause Documentation/licenses/COPYING.BSD-4-Clause-UC Documentation/licenses/COPYING.GPL-2.0-or-later Documentation/licenses/COPYING.ISC Documentation/licenses/COPYING.LGPL-2.1-or-later Documentation/licenses/COPYING.MIT","util-linux-2.40.2.tar.xz","https://cdn.kernel.org/pub/linux/utils/util-linux/v2.40","host-autoconf [GPL-3.0+ with exceptions] host-automake [GPL-2.0+] host-libtool [GPL-2.0+ (libtool), LGPL-2.1+ (libltdl)] host-libzlib [Zlib] host-m4 [GPL-3.0+] host-pkgconf [pkgconf license] host-skeleton [unknown] host-tar [GPL-3.0+]"
"dbus","1.14.10","AFL-2.1 or GPL-2.0+ (library, tools), GPL-2.0+ (tools)","COPYING","dbus-1.14.10.tar.xz","https://dbus.freedesktop.org/releases/dbus","host-expat [MIT] host-pkgconf [pkgconf license] host-skeleton [unknown] host-tar [GPL-3.0+]"
"dbus-glib","0.112","AFL-2.1 or GPL-2.0+","COPYING","dbus-glib-0.112.tar.gz","http://dbus.freedesktop.org/releases/dbus-glib","host-autoconf [GPL-3.0+ with exceptions] host-autoconf-archive [GPL-3.0+ with exception] host-automake [GPL-2.0+] host-cmake [BSD-3-Clause] host-dbus [AFL-2.1 or GPL-2.0+ (library, tools), GPL-2.0+ (tools)] host-expat [MIT] host-gettext-tiny [MIT, GPL-3.0+ (extra gettext)] host-libffi [MIT] host-libglib2 [LGPL-2.1+] host-libtool [GPL-2.0+ (libtool), LGPL-2.1+ (libltdl)] host-libzlib [Zlib] host-m4 [GPL-3.0+] host-meson [Apache-2.0] host-ninja [Apache-2.0] host-pcre2 [BSD-3-Clause] host-pkgconf [pkgconf license] host-python-flit-core [BSD-3-Clause] host-python-installer [MIT] host-python-packaging [Apache-2.0 or BSD-2-Clause] host-python-pypa-build [MIT] host-python-pyproject-hooks [MIT] host-python-setuptools [MIT] host-python-wheel [MIT] host-python3 [Python-2.0, others] host-skeleton [unknown] host-tar [GPL-3.0+] host-util-linux [GPL-2.0+, BSD-4-Clause, LGPL-2.1+ (libblkid, libfdisk, libmount), BSD-3-Clause (libuuid), BSD-2-Clause (xxhash), ISC (rfkill) MIT (hardlink, flock)]"
"e2fsprogs","1.47.2","GPL-2.0, MIT-like with advertising clause (libss and libet)","NOTICE lib/ss/mit-sipb-copyright.h lib/et/internal.h","e2fsprogs-1.47.2.tar.xz","https://cdn.kernel.org/pub/linux/kernel/people/tytso/e2fsprogs/v1.47.2","host-autoconf [GPL-3.0+ with exceptions] host-automake [GPL-2.0+] host-libtool [GPL-2.0+ (libtool), LGPL-2.1+ (libltdl)] host-libzlib [Zlib] host-m4 [GPL-3.0+] host-pkgconf [pkgconf license] host-skeleton [unknown] host-tar [GPL-3.0+] host-util-linux [GPL-2.0+, BSD-4-Clause, LGPL-2.1+ (libblkid, libfdisk, libmount), BSD-3-Clause (libuuid), BSD-2-Clause (xxhash), ISC (rfkill) MIT (hardlink, flock)]"
"protobuf","29.3","BSD-3-Clause","LICENSE","protobuf-29.3.tar.gz","https://github.com/protocolbuffers/protobuf/releases/download/v29.3","host-cmake [BSD-3-Clause] host-libabseil-cpp [Apache-2.0] host-pkgconf [pkgconf license] host-skeleton [unknown] host-tar [GPL-3.0+]"
"libabseil-cpp","20250127.0","Apache-2.0","LICENSE","libabseil-cpp-20250127.0.tar.gz","https://github.com/abseil/abseil-cpp/archive/20250127.0","host-cmake [BSD-3-Clause] host-pkgconf [pkgconf license] host-skeleton [unknown] host-tar [GPL-3.0+]"
"python-cython","3.0.11","Apache-2.0","COPYING.txt LICENSE.txt","cython-3.0.11.tar.gz","https://files.pythonhosted.org/packages/84/4d/b720d6000f4ca77f030bd70f12550820f0766b568e43f11af7f7ad9061aa","host-autoconf [GPL-3.0+ with exceptions] host-autoconf-archive [GPL-3.0+ with exception] host-automake [GPL-2.0+] host-expat [MIT] host-libffi [MIT] host-libtool [GPL-2.0+ (libtool), LGPL-2.1+ (libltdl)] host-libzlib [Zlib] host-m4 [GPL-3.0+] host-pkgconf [pkgconf license] host-python-flit-core [BSD-3-Clause] host-python-installer [MIT] host-python-packaging [Apache-2.0 or BSD-2-Clause] host-python-pypa-build [MIT] host-python-pyproject-hooks [MIT] host-python-setuptools [MIT] host-python-wheel [MIT] host-python3 [Python-2.0, others] host-skeleton [unknown] host-tar [GPL-3.0+]"
"genimage","18","GPL-2.0","COPYING","genimage-18.tar.xz","https://github.com/pengutronix/genimage/releases/download/v18","host-libconfuse [ISC] host-pkgconf [pkgconf license] host-skeleton [unknown] host-tar [GPL-3.0+]"
"libconfuse","3.3","ISC","LICENSE","confuse-3.3.tar.xz","https://github.com/martinh/libconfuse/releases/download/v3.3","host-skeleton [unknown] host-tar [GPL-3.0+]"
"patchelf","0.13","GPL-3.0+","COPYING","patchelf-0.13.tar.bz2","https://github.com/NixOS/patchelf/releases/download/0.13","host-skeleton [unknown] host-tar [GPL-3.0+]"
"python-hatchling","1.27.0","MIT","LICENSE.txt","hatchling-1.27.0.tar.gz","https://files.pythonhosted.org/packages/8f/8a/cc1debe3514da292094f1c3a700e4ca25442489731ef7c0814358816bb03","host-autoconf [GPL-3.0+ with exceptions] host-autoconf-archive [GPL-3.0+ with exception] host-automake [GPL-2.0+] host-expat [MIT] host-libffi [MIT] host-libtool [GPL-2.0+ (libtool), LGPL-2.1+ (libltdl)] host-libzlib [Zlib] host-m4 [GPL-3.0+] host-pkgconf [pkgconf license] host-python-calver [Apache-2.0] host-python-flit-core [BSD-3-Clause] host-python-installer [MIT] host-python-packaging [Apache-2.0 or BSD-2-Clause] host-python-pathspec [MPL-2.0] host-python-pluggy [MIT] host-python-pypa-build [MIT] host-python-pyproject-hooks [MIT] host-python-setuptools [MIT] host-python-setuptools-scm [MIT] host-python-trove-classifiers [Apache-2.0] host-python-typing-extensions [Python-2.0] host-python-wheel [MIT] host-python3 [Python-2.0, others] host-skeleton [unknown] host-tar [GPL-3.0+]"
"python-pathspec","0.12.1","MPL-2.0","LICENSE","pathspec-0.12.1.tar.gz","https://files.pythonhosted.org/packages/ca/bc/f35b8446f4531a7cb215605d100cd88b7ac6f44ab3fc94870c120ab3adbf","host-autoconf [GPL-3.0+ with exceptions] host-autoconf-archive [GPL-3.0+ with exception] host-automake [GPL-2.0+] host-expat [MIT] host-libffi [MIT] host-libtool [GPL-2.0+ (libtool), LGPL-2.1+ (libltdl)] host-libzlib [Zlib] host-m4 [GPL-3.0+] host-pkgconf [pkgconf license] host-python-flit-core [BSD-3-Clause] host-python-installer [MIT] host-python-packaging [Apache-2.0 or BSD-2-Clause] host-python-pypa-build [MIT] host-python-pyproject-hooks [MIT] host-python3 [Python-2.0, others] host-skeleton [unknown] host-tar [GPL-3.0+]"
"python-pluggy","1.5.0","MIT","LICENSE","pluggy-1.5.0.tar.gz","https://files.pythonhosted.org/packages/96/2d/02d4312c973c6050a18b314a5ad0b3210edb65a906f868e31c111dede4a6","host-autoconf [GPL-3.0+ with exceptions] host-autoconf-archive [GPL-3.0+ with exception] host-automake [GPL-2.0+] host-expat [MIT] host-libffi [MIT] host-libtool [GPL-2.0+ (libtool), LGPL-2.1+ (libltdl)] host-libzlib [Zlib] host-m4 [GPL-3.0+] host-pkgconf [pkgconf license] host-python-flit-core [BSD-3-Clause] host-python-installer [MIT] host-python-packaging [Apache-2.0 or BSD-2-Clause] host-python-pypa-build [MIT] host-python-pyproject-hooks [MIT] host-python-setuptools [MIT] host-python-setuptools-scm [MIT] host-python-typing-extensions [Python-2.0] host-python-wheel [MIT] host-python3 [Python-2.0, others] host-skeleton [unknown] host-tar [GPL-3.0+]"
"python-setuptools-scm","8.1.0","MIT","LICENSE","setuptools_scm-8.1.0.tar.gz","https://files.pythonhosted.org/packages/4f/a4/00a9ac1b555294710d4a68d2ce8dfdf39d72aa4d769a7395d05218d88a42","host-autoconf [GPL-3.0+ with exceptions] host-autoconf-archive [GPL-3.0+ with exception] host-automake [GPL-2.0+] host-expat [MIT] host-libffi [MIT] host-libtool [GPL-2.0+ (libtool), LGPL-2.1+ (libltdl)] host-libzlib [Zlib] host-m4 [GPL-3.0+] host-pkgconf [pkgconf license] host-python-flit-core [BSD-3-Clause] host-python-installer [MIT] host-python-packaging [Apache-2.0 or BSD-2-Clause] host-python-pypa-build [MIT] host-python-pyproject-hooks [MIT] host-python-setuptools [MIT] host-python-typing-extensions [Python-2.0] host-python-wheel [MIT] host-python3 [Python-2.0, others] host-skeleton [unknown] host-tar [GPL-3.0+]"
"python-typing-extensions","4.12.2","Python-2.0","LICENSE","typing_extensions-4.12.2.tar.gz","https://files.pythonhosted.org/packages/df/db/f35a00659bc03fec321ba8bce9420de607a1d37f8342eee1863174c69557","host-autoconf [GPL-3.0+ with exceptions] host-autoconf-archive [GPL-3.0+ with exception] host-automake [GPL-2.0+] host-expat [MIT] host-libffi [MIT] host-libtool [GPL-2.0+ (libtool), LGPL-2.1+ (libltdl)] host-libzlib [Zlib] host-m4 [GPL-3.0+] host-pkgconf [pkgconf license] host-python-flit-core [BSD-3-Clause] host-python-installer [MIT] host-python-packaging [Apache-2.0 or BSD-2-Clause] host-python-pypa-build [MIT] host-python-pyproject-hooks [MIT] host-python3 [Python-2.0, others] host-skeleton [unknown] host-tar [GPL-3.0+]"
"python-trove-classifiers","2025.1.15.22","Apache-2.0","LICENSE","trove_classifiers-2025.1.15.22.tar.gz","https://files.pythonhosted.org/packages/f3/cb/8f6a91c74049180e395590901834d68bef5d6a2ce4c9ca9792cfadc1b9b4","host-autoconf [GPL-3.0+ with exceptions] host-autoconf-archive [GPL-3.0+ with exception] host-automake [GPL-2.0+] host-expat [MIT] host-libffi [MIT] host-libtool [GPL-2.0+ (libtool), LGPL-2.1+ (libltdl)] host-libzlib [Zlib] host-m4 [GPL-3.0+] host-pkgconf [pkgconf license] host-python-calver [Apache-2.0] host-python-flit-core [BSD-3-Clause] host-python-installer [MIT] host-python-packaging [Apache-2.0 or BSD-2-Clause] host-python-pypa-build [MIT] host-python-pyproject-hooks [MIT] host-python-setuptools [MIT] host-python-wheel [MIT] host-python3 [Python-2.0, others] host-skeleton [unknown] host-tar [GPL-3.0+]"
"python-calver","2022.6.26","Apache-2.0","LICENSE","calver-2022.6.26.tar.gz","https://files.pythonhosted.org/packages/b5/00/96cbed7c019c49ee04b8a08357a981983db7698ae6de402e57097cefc9ad","host-autoconf [GPL-3.0+ with exceptions] host-autoconf-archive [GPL-3.0+ with exception] host-automake [GPL-2.0+] host-expat [MIT] host-libffi [MIT] host-libtool [GPL-2.0+ (libtool), LGPL-2.1+ (libltdl)] host-libzlib [Zlib] host-m4 [GPL-3.0+] host-pkgconf [pkgconf license] host-python-flit-core [BSD-3-Clause] host-python-installer [MIT] host-python-packaging [Apache-2.0 or BSD-2-Clause] host-python-pypa-build [MIT] host-python-pyproject-hooks [MIT] host-python-setuptools [MIT] host-python-wheel [MIT] host-python3 [Python-2.0, others] host-skeleton [unknown] host-tar [GPL-3.0+]"
"acl","2.3.2","GPL-2.0+ (programs), LGPL-2.1+ (libraries)","doc/COPYING doc/COPYING.LGPL","acl-2.3.2.tar.xz","https://download.savannah.nongnu.org/releases/acl","host-attr [GPL-2.0+ (programs), LGPL-2.1+ (libraries)] host-autoconf [GPL-3.0+ with exceptions] host-automake [GPL-2.0+] host-libtool [GPL-2.0+ (libtool), LGPL-2.1+ (libltdl)] host-m4 [GPL-3.0+] host-skeleton [unknown] host-tar [GPL-3.0+]"
"attr","2.5.2","GPL-2.0+ (programs), LGPL-2.1+ (libraries)","doc/COPYING doc/COPYING.LGPL","attr-2.5.2.tar.xz","http://download.savannah.gnu.org/releases/attr","host-autoconf [GPL-3.0+ with exceptions] host-automake [GPL-2.0+] host-libtool [GPL-2.0+ (libtool), LGPL-2.1+ (libltdl)] host-m4 [GPL-3.0+] host-skeleton [unknown] host-tar [GPL-3.0+]"
"fakeroot","1.36","GPL-3.0+","COPYING","fakeroot_1.36.orig.tar.gz","https://snapshot.debian.org/archive/debian/20241022T144244Z/pool/main/f/fakeroot/","host-acl [GPL-2.0+ (programs), LGPL-2.1+ (libraries)] host-attr [GPL-2.0+ (programs), LGPL-2.1+ (libraries)] host-autoconf [GPL-3.0+ with exceptions] host-automake [GPL-2.0+] host-libtool [GPL-2.0+ (libtool), LGPL-2.1+ (libltdl)] host-m4 [GPL-3.0+] host-skeleton [unknown] host-tar [GPL-3.0+]"
